KATEGORI;POST;VÆRDI;ENHED;FORMEL;BESKRIVELSE
;;
;;
# VIRKSOMHEDSDATA
;;
Virksomhed;Virksomhedsnavn;;Tekst;Angiv virksomhedens navn
Dato;Analysedato;2024-01-01;Dato;Automatisk;Dato for analysen
Konsulent;Udarbejdet af;;Tekst;Navn på konsulent
;;
;;
# OPERATIONELLE PARAMETRE
;;
Operationelt;Antal samtaler per dag;50;Antal;Brugerinput;Typiske kundesamtaler per dag
Operationelt;Arbejdsdage per år;260;Dage;Brugerinput;Standard 260 dage (juster ved behov)
Operationelt;Gennemsnitlig samtaletid (baseline);18;Minutter;Brugerinput;Minutter per samtale UDEN BetterHuman_Brains
Operationelt;Minutter sparet per samtale;10;Minutter;Brugerinput;Typisk 8-12 minutter
Operationelt;Timepris for agent;350;DKK/time;Brugerinput;Inkl. pension, ferie, etc.
Operationelt;Antal agenter;10;Antal;Brugerinput;Antal agenter der bruger systemet
;;
;;
# SALGSPARAMETRE (valgfrit)
;;
Salg;Gennemsnitlig ordrestørrelse;50000;DKK;Brugerinput;Gennemsnitlig værdi per ordre
Salg;Salgscyklus baseline;45;Dage;Brugerinput;Dage fra første kontakt til salg (før)
Salg;Salgscyklus med BHB;35;Dage;Brugerinput;Dage fra første kontakt til salg (efter)
Salg;Konverteringsrate;0,2;Procent;Brugerinput;andel der konverterer til køb
Salg;Nuværende månedlige handler;80;Antal;Brugerinput;Handler per måned
Salg;Kapacitetsforøgelse fra cyklusforkortelse;0,285;Decimal;(Salg!B14-Salg!B15)/Salg!B14;andel ekstra kapacitet
Salg;Meromsætning fra salg;0;DKK;MAX(0,Salgs!B18*Salg!B10*(1+Salg!B16)*Salg!B12)-Salg!B17*Salg!B10*Salg!B12,0);Årlig meromsætning fra hurtigere salgscyklus
;;
;;
# GENTAGNE HENVENDELSER
;;
Gentagne;Gentagne henvendelser per måned (baseline);10;Antal;Brugerinput;Typisk gentagne henvendelser per måned
Gentagne;Reduktion i gentagne henvendelser;0,45;Decimal;Brugerinput;Typisk 45% reduktion
Gentagne;Gennemsnitlig samtaletid (sekundær);15;Minutter;Brugerinput;Minutter for opfølgningssamtale
Gentagne;Besparelse på gentagne;0;DKK;Gentagne!B5*12*Gentagne!B7*(Operationelt!B7/60)*Gentagne!B6;Årlig besparelse på gentagne henvendelser
;;
;;
# ESKALERINGER
;;
Eskaleringer;Eskaleringsrate baseline;0,08;Decimal;Brugerinput;Andel samtaler der eskaleres
Eskaleringer;Eskaleringsrate med BHB;0,068;Decimal;Brugerinput;Andel samtaler der eskaleres efter implementering
Eskaleringer;Omkostning per eskalering;450;DKK;Brugerinput;pris for at eskalere til menneske
Eskaleringer;Besparelse på eskaleringer;0;DKK;Operationelt!B5*Operationelt!B6*(Eskaleringer!B5-Eskaleringer!B6)*Eskaleringer!B7;Årlig besparelse på eskaleringer
;;
;;
# OMKOSTNINGER
;;
Omkostninger;Licens år 1;180000;DKK;Brugerinput;Årlig licensomkostning
Omkostninger;Integrationstimer;4;Timer;Brugerinput;Timer til teknisk integration
Omkostninger;Timepris for integration;1000;DKK/time;Brugerinput;Konsulenttimepris
Omkostninger;Træningstimer;4;Timer;Brugerinput;Timer til træning
Omkostninger;Træningstimepris;2500;DKK/time;Brugerinput;Pris for træning
Omkostninger;Samlet implementeringsomkostning;0;DKK;Omkostninger!B5*Omkostninger!B6+Omkostninger!B8*Omkostninger!B9;Samlet engangsomkostning
Omkostninger;Licens år 2+;120000;DKK;Brugerinput;Årlig licens efter første år
;;
;;
# RESULTATER - SAMTALETID
;;
;;
# RESULTATER - HOVEDTAL
;;
Resultater;Årlig samtaletidsbesparelse;0;DKK;Operationelt!B5*Operationelt!B6*Operationelt!B8*(Operationelt!B7/60);Besparelse fra kortere samtaler
Resultater;Total årlig besparelse;0;DKK;Resultater!B5+Salg!B18+Gentagne!B8+Eskaleringer!B8;Samlet årlig besparelse inkl. alle kilder
Resultater;Samlet investering år 1;0;DKK;Omkostninger!B10+Omkostninger!B5;Implementering + år 1 licens
Resultater;ROI år 1;0;Procent;((Resultater!B6-Resultater!B7)/Resultater!B7)*100;Return on Investment
Resultater;Payback måned;0;Måneder;Resultater!B7/(Resultater!B6/12);Måneder til break-even
Resultater;NPV (3 år, 8% diskonto);0;DKK;(-Resultater!B7)+Resultater!B6/1.08+Resultater!B6/1.1664+(Resultater!B6-Omkostninger!B11)/1.2597;Nutidsværdi over 3 år
;;
;;
# BRUGERINPUT-KOLONNE
;;
Input;Justerbare parametre;Værdi;;Kommentar;
Input;Antal samtaler/dag;50;;Skalér op/ned efter behov
Input;Timepris (DKK);350;;Inkl. overhead
Input;Min sparet/samtale;10;;8-12 er typisk interval
